ingestion_time,api_time,icao24,callsign,origin_country,time_position,last_contact,longitude,latitude,baro_altitude,geo_altitude,on_ground,velocity,speed_kmh,true_track,vertical_rate,squawk,spi,position_source,region,baro_altitude_ft,geo_altitude_ft,altitude_band,aircraft_location_wkt
2026-05-25 13:22:38.646455+00:00,2026-05-25 13:22:22+00:00,801645,AIC3PX,India,2026-05-25 13:22:21+00:00,2026-05-25 13:22:22+00:00,78.4337,28.276,5257.8,5494.02,False,185.73,668.6279999999999,301.75,-5.2,,False,0,India,17250.000552,18025.0005768,"5,000-10,000 m",POINT(78.4337 28.276)
2026-05-25 13:22:38.646455+00:00,2026-05-25 13:22:22+00:00,80162e,AIC6LT,India,2026-05-25 13:17:25+00:00,2026-05-25 13:17:49+00:00,72.8582,18.4451,5234.94,5509.26,False,199.29,717.444,161.8,11.7,,False,0,India,17175.000549599998,18075.000578400002,"5,000-10,000 m",POINT(72.8582 18.4451)
2026-05-25 13:22:38.646455+00:00,2026-05-25 13:22:22+00:00,80163d,IGO154H,India,2026-05-25 13:22:11+00:00,2026-05-25 13:22:11+00:00,89.8233,26.4964,10675.62,11338.56,False,203.68,733.248,273.91,3.25,,False,0,India,35025.0011208,37200.0011904,"10,000-12,000 m",POINT(89.8233 26.4964)
2026-05-25 13:22:38.646455+00:00,2026-05-25 13:22:22+00:00,80163c,IGO6390,India,2026-05-25 13:21:41+00:00,2026-05-25 13:21:41+00:00,77.092,28.569,,,True,5.66,20.376,143.44,,,False,0,India,,,,POINT(77.092 28.569)
2026-05-25 13:22:38.646455+00:00,2026-05-25 13:22:22+00:00,801648,IGO449E,India,2026-05-25 13:22:21+00:00,2026-05-25 13:22:21+00:00,76.8678,28.6136,2575.56,2606.04,False,141.29,508.644,263.73,16.26,,False,0,India,8450.0002704,8550.0002736,"0-5,000 m",POINT(76.8678 28.6136)
2026-05-25 13:22:38.646455+00:00,2026-05-25 13:22:22+00:00,801657,AIC8QL,India,2026-05-25 13:22:21+00:00,2026-05-25 13:22:21+00:00,77.2338,28.1502,3048.0,3131.82,False,143.02,514.8720000000001,9.73,-0.33,,False,0,India,10000.00032,10275.0003288,"0-5,000 m",POINT(77.2338 28.1502)
2026-05-25 13:22:38.646455+00:00,2026-05-25 13:22:22+00:00,801615,AXB1251,India,2026-05-25 13:17:19+00:00,2026-05-25 13:17:25+00:00,82.7079,25.6572,2308.86,2339.34,False,165.0,594.0,109.68,-10.73,,False,0,India,7575.0002424,7675.0002456,"0-5,000 m",POINT(82.7079 25.6572)
2026-05-25 13:22:38.646455+00:00,2026-05-25 13:22:22+00:00,801618,SDG464,India,2026-05-25 13:22:15+00:00,2026-05-25 13:22:15+00:00,69.663,23.2768,,,True,0.0,0.0,135.0,,,False,0,India,,,,POINT(69.663 23.2768)
2026-05-25 13:22:38.646455+00:00,2026-05-25 13:22:22+00:00,801623,AXB2893,India,2026-05-25 13:22:22+00:00,2026-05-25 13:22:22+00:00,87.1933,25.3604,9502.14,10066.02,False,211.46,761.2560000000001,223.13,3.58,,False,0,India,31175.000997599996,33025.0010568,"5,000-10,000 m",POINT(87.1933 25.3604)
2026-05-25 13:22:38.646455+00:00,2026-05-25 13:22:22+00:00,801622,IGO365K,India,2026-05-25 13:20:21+00:00,2026-05-25 13:20:22+00:00,73.1456,18.9948,434.34,342.9,False,75.68,272.44800000000004,262.97,-3.58,1025,False,0,India,1425.0000456,1125.000036,"0-5,000 m",POINT(73.1456 18.9948)
2026-05-25 13:22:38.646455+00:00,2026-05-25 13:22:22+00:00,80161d,AKJ594F,India,2026-05-25 13:22:21+00:00,2026-05-25 13:22:21+00:00,77.2187,26.056,10584.18,11224.26,False,224.96,809.856,357.9,-4.88,,False,0,India,34725.0011112,36825.0011784,"10,000-12,000 m",POINT(77.2187 26.056)
2026-05-25 13:22:38.646455+00:00,2026-05-25 13:22:22+00:00,80166d,AXB1038,India,2026-05-25 13:17:25+00:00,2026-05-25 13:17:25+00:00,73.817,21.8168,10972.8,11689.08,False,235.8,848.8800000000001,199.9,0.0,0534,False,0,India,36000.001152,38350.0012272,"10,000-12,000 m",POINT(73.817 21.8168)
2026-05-25 13:22:38.646455+00:00,2026-05-25 13:22:22+00:00,801685,AXB1547,India,2026-05-25 13:22:08+00:00,2026-05-25 13:22:12+00:00,89.6728,26.4244,7848.6,8275.32,False,218.98,788.328,283.45,-2.6,,False,0,India,25750.000824000002,27150.000868799998,"5,000-10,000 m",POINT(89.6728 26.4244)
2026-05-25 13:22:38.646455+00:00,2026-05-25 13:22:22+00:00,801686,AXB1604,India,2026-05-25 13:22:21+00:00,2026-05-25 13:22:21+00:00,76.7889,27.8021,10607.04,11201.4,False,243.39,876.204,178.79,10.08,,False,0,India,34800.0011136,36750.001176,"10,000-12,000 m",POINT(76.7889 27.8021)
2026-05-25 13:22:38.646455+00:00,2026-05-25 13:22:22+00:00,801683,AXB158W,India,2026-05-25 13:21:46+00:00,2026-05-25 13:22:08+00:00,77.6086,13.251,1615.44,1600.2,False,132.08,475.48800000000006,301.46,5.85,,False,0,India,5300.0001696,5250.0001680000005,"0-5,000 m",POINT(77.6086 13.251)
2026-05-25 13:22:38.646455+00:00,2026-05-25 13:22:22+00:00,80167c,AXB1179,India,2026-05-25 13:22:20+00:00,2026-05-25 13:22:21+00:00,85.9907,25.906,9921.24,10515.6,False,236.0,849.6,100.55,-5.2,,False,0,India,32550.0010416,34500.001104,"5,000-10,000 m",POINT(85.9907 25.906)
2026-05-25 13:22:38.646455+00:00,2026-05-25 13:22:22+00:00,801699,AXB1080,India,2026-05-25 13:22:21+00:00,2026-05-25 13:22:21+00:00,82.3299,26.3752,11582.4,12268.2,False,217.45,782.8199999999999,286.63,0.0,,False,0,India,38000.001216,40250.001288,"10,000-12,000 m",POINT(82.3299 26.3752)
2026-05-25 13:22:38.646455+00:00,2026-05-25 13:22:22+00:00,80164c,IGO605F,India,2026-05-25 13:22:21+00:00,2026-05-25 13:22:21+00:00,77.5214,28.0918,7635.24,8008.62,False,219.7,790.92,114.04,7.15,,False,0,India,25050.0008016,26275.0008408,"5,000-10,000 m",POINT(77.5214 28.0918)
2026-05-25 13:22:38.646455+00:00,2026-05-25 13:22:22+00:00,801662,IGO5023,India,2026-05-25 13:22:21+00:00,2026-05-25 13:22:21+00:00,78.2299,27.7564,9494.52,9989.82,False,233.77,841.572,105.44,5.53,,False,0,India,31150.0009968,32775.0010488,"5,000-10,000 m",POINT(78.2299 27.7564)
2026-05-25 13:22:38.646455+00:00,2026-05-25 13:22:22+00:00,801674,AIC6ZA,India,2026-05-25 13:22:20+00:00,2026-05-25 13:22:20+00:00,77.3724,28.4355,1188.72,1112.52,False,99.31,357.516,5.95,-2.6,,False,0,India,3900.0001248,3650.0001168,"0-5,000 m",POINT(77.3724 28.4355)
2026-05-25 13:22:38.646455+00:00,2026-05-25 13:22:22+00:00,80169e,AKJ1142,India,2026-05-25 13:22:21+00:00,2026-05-25 13:22:21+00:00,90.4626,25.5496,7399.02,7787.64,False,196.82,708.552,234.9,4.55,,False,0,India,24275.0007768,25550.0008176,"5,000-10,000 m",POINT(90.4626 25.5496)
2026-05-25 13:22:38.646455+00:00,2026-05-25 13:22:22+00:00,800db0,AIC5AJ,India,2026-05-25 13:21:52+00:00,2026-05-25 13:21:52+00:00,72.755,19.4027,3810.0,3840.48,False,160.06,576.216,8.13,14.31,,False,0,India,12500.0004,12600.0004032,"0-5,000 m",POINT(72.755 19.4027)
2026-05-25 13:22:38.646455+00:00,2026-05-25 13:22:22+00:00,8014e4,IGO2096,India,2026-05-25 13:22:21+00:00,2026-05-25 13:22:21+00:00,84.8944,24.7659,9753.6,10340.34,False,227.16,817.776,299.58,0.0,,False,0,India,32000.001024,33925.0010856,"5,000-10,000 m",POINT(84.8944 24.7659)
2026-05-25 13:22:38.646455+00:00,2026-05-25 13:22:22+00:00,8014dc,IGO6069,India,2026-05-25 13:22:21+00:00,2026-05-25 13:22:21+00:00,91.2035,23.5601,3444.24,3535.68,False,176.81,636.5160000000001,185.68,13.0,,False,0,India,11300.0003616,11600.0003712,"0-5,000 m",POINT(91.2035 23.5601)
2026-05-25 13:22:38.646455+00:00,2026-05-25 13:22:22+00:00,8014df,IGO6135,India,2026-05-25 13:21:52+00:00,2026-05-25 13:21:53+00:00,87.9312,26.0872,7840.98,8252.46,False,210.09,756.3240000000001,215.13,4.88,,False,0,India,25725.0008232,27075.000866399998,"5,000-10,000 m",POINT(87.9312 26.0872)
2026-05-25 13:22:38.646455+00:00,2026-05-25 13:22:22+00:00,8014f3,AIC5PK,India,2026-05-25 13:22:21+00:00,2026-05-25 13:22:21+00:00,76.8296,27.9718,6324.6,6629.4,False,208.6,750.96,182.83,10.73,,False,0,India,20750.000664000003,21750.000696,"5,000-10,000 m",POINT(76.8296 27.9718)
2026-05-25 13:22:38.646455+00:00,2026-05-25 13:22:22+00:00,8014bc,IGO209H,India,2026-05-25 13:20:17+00:00,2026-05-25 13:20:23+00:00,86.1309,24.7899,4526.28,4709.16,False,215.08,774.288,122.4,-10.4,,False,0,India,14850.000475199999,15450.0004944,"0-5,000 m",POINT(86.1309 24.7899)
2026-05-25 13:22:38.646455+00:00,2026-05-25 13:22:22+00:00,8014bd,IGO2145,India,2026-05-25 13:22:20+00:00,2026-05-25 13:22:21+00:00,77.131,30.3731,2560.32,2598.42,False,116.63,419.868,355.45,-3.25,,False,0,India,8400.0002688,8525.0002728,"0-5,000 m",POINT(77.131 30.3731)
2026-05-25 13:22:38.646455+00:00,2026-05-25 13:22:22+00:00,801606,AXB883,India,2026-05-25 13:21:43+00:00,2026-05-25 13:21:43+00:00,81.9456,17.0661,10972.8,,False,242.03,871.308,243.76,0.0,,False,0,India,36000.001152,,"10,000-12,000 m",POINT(81.9456 17.0661)
2026-05-25 13:22:38.646455+00:00,2026-05-25 13:22:22+00:00,801603,AIC3KR,India,2026-05-25 13:22:21+00:00,2026-05-25 13:22:21+00:00,76.2039,27.4748,10972.8,11612.88,False,232.34,836.424,202.25,0.33,,False,0,India,36000.001152,38100.0012192,"10,000-12,000 m",POINT(76.2039 27.4748)
2026-05-25 13:22:38.646455+00:00,2026-05-25 13:22:22+00:00,801613,AXB1391,India,2026-05-25 13:22:21+00:00,2026-05-25 13:22:21+00:00,77.1283,30.4458,8839.2,9235.44,False,229.8,827.2800000000001,128.0,-0.33,,False,0,India,29000.000928,30300.0009696,"5,000-10,000 m",POINT(77.1283 30.4458)
2026-05-25 13:22:38.646455+00:00,2026-05-25 13:22:22+00:00,80174a,IGO6706,India,2026-05-25 13:22:20+00:00,2026-05-25 13:22:20+00:00,74.0731,22.4748,10972.8,11696.7,False,240.86,867.0960000000001,199.98,0.0,0551,False,0,India,36000.001152,38375.001228,"10,000-12,000 m",POINT(74.0731 22.4748)
2026-05-25 13:22:38.646455+00:00,2026-05-25 13:22:22+00:00,801759,IGO34FP,India,2026-05-25 13:22:21+00:00,2026-05-25 13:22:22+00:00,76.0604,28.2199,3657.6,3794.76,False,166.01,597.636,35.41,-0.65,,False,0,India,12000.000383999999,12450.000398400001,"0-5,000 m",POINT(76.0604 28.2199)
2026-05-25 13:22:38.646455+00:00,2026-05-25 13:22:22+00:00,801772,IGO472V,India,2026-05-25 13:21:46+00:00,2026-05-25 13:21:46+00:00,77.1124,28.5679,,,True,1.29,4.644,14.06,,,False,0,India,,,,POINT(77.1124 28.5679)
2026-05-25 13:22:38.646455+00:00,2026-05-25 13:22:22+00:00,801778,IGO665W,India,2026-05-25 13:19:59+00:00,2026-05-25 13:19:59+00:00,76.8972,25.1653,10401.3,11010.9,False,239.91,863.676,177.79,2.6,,False,0,India,34125.001092,36125.001156,"10,000-12,000 m",POINT(76.8972 25.1653)
2026-05-25 13:22:38.646455+00:00,2026-05-25 13:22:22+00:00,801775,IGO343H,India,2026-05-25 13:22:21+00:00,2026-05-25 13:22:21+00:00,75.5956,27.4438,10027.92,10607.04,False,213.08,767.0880000000001,27.62,-13.0,,False,0,India,32900.0010528,34800.0011136,"10,000-12,000 m",POINT(75.5956 27.4438)
2026-05-25 13:22:38.646455+00:00,2026-05-25 13:22:22+00:00,80172e,IGO754J,India,2026-05-25 13:22:21+00:00,2026-05-25 13:22:21+00:00,77.0935,28.3328,4960.62,5173.98,False,208.22,749.592,117.2,10.73,,False,0,India,16275.0005208,16975.0005432,"0-5,000 m",POINT(77.0935 28.3328)
2026-05-25 13:22:38.646455+00:00,2026-05-25 13:22:22+00:00,80173e,IGO1455,India,2026-05-25 13:22:16+00:00,2026-05-25 13:22:19+00:00,70.0849,19.6681,10736.58,11468.1,False,239.31,861.5160000000001,291.44,4.23,,False,0,India,35225.0011272,37625.001204,"10,000-12,000 m",POINT(70.0849 19.6681)
2026-05-25 13:22:38.646455+00:00,2026-05-25 13:22:22+00:00,80179a,,India,2026-05-25 13:22:19+00:00,2026-05-25 13:22:20+00:00,91.191,26.0052,5212.08,5417.82,False,148.69,535.284,235.43,8.13,,False,0,India,17100.0005472,17775.0005688,"5,000-10,000 m",POINT(91.191 26.0052)
2026-05-25 13:22:38.646455+00:00,2026-05-25 13:22:22+00:00,801783,AXB2395,India,2026-05-25 13:20:55+00:00,2026-05-25 13:20:56+00:00,73.341,19.1272,1783.08,1790.7,False,104.84,377.42400000000004,209.71,-5.53,0546,False,0,India,5850.000187199999,5875.000188,"0-5,000 m",POINT(73.341 19.1272)
2026-05-25 13:22:38.646455+00:00,2026-05-25 13:22:22+00:00,801788,IGO943Y,India,2026-05-25 13:20:43+00:00,2026-05-25 13:22:19+00:00,76.5511,14.6388,10675.62,11323.32,False,227.0,817.2,135.55,-4.88,,False,0,India,35025.0011208,37150.0011888,"10,000-12,000 m",POINT(76.5511 14.6388)
2026-05-25 13:22:38.646455+00:00,2026-05-25 13:22:22+00:00,801786,AKJ1825,India,2026-05-25 13:22:21+00:00,2026-05-25 13:22:21+00:00,74.8633,25.9415,11277.6,11971.02,False,234.28,843.408,20.7,0.0,,False,0,India,37000.001184,39275.0012568,"10,000-12,000 m",POINT(74.8633 25.9415)
2026-05-25 13:22:38.646455+00:00,2026-05-25 13:22:22+00:00,80177c,AXB1231,India,2026-05-25 13:21:51+00:00,2026-05-25 13:21:57+00:00,73.0196,19.324,7185.66,7520.94,False,192.62,693.432,357.24,6.5,0332,False,0,India,23575.0007544,24675.0007896,"5,000-10,000 m",POINT(73.0196 19.324)
2026-05-25 13:22:38.646455+00:00,2026-05-25 13:22:22+00:00,800463,AIC441,India,2026-05-25 13:18:40+00:00,2026-05-25 13:18:43+00:00,73.7818,21.7256,11582.4,12329.16,False,252.24,908.0640000000001,199.91,0.0,0557,False,0,India,38000.001216,40450.0012944,"10,000-12,000 m",POINT(73.7818 21.7256)
2026-05-25 13:22:38.646455+00:00,2026-05-25 13:22:22+00:00,801799,AXB2963,India,2026-05-25 13:22:09+00:00,2026-05-25 13:22:16+00:00,82.8774,18.5709,10972.8,,False,235.82,848.952,206.84,0.0,,False,0,India,36000.001152,,"10,000-12,000 m",POINT(82.8774 18.5709)
2026-05-25 13:22:38.646455+00:00,2026-05-25 13:22:22+00:00,80047c,AIC1BA,India,2026-05-25 13:22:20+00:00,2026-05-25 13:22:21+00:00,77.4834,11.948,10050.78,10660.38,False,242.07,871.452,188.8,0.0,,False,0,India,32975.0010552,34975.001119199995,"10,000-12,000 m",POINT(77.4834 11.948)
2026-05-25 13:22:38.646455+00:00,2026-05-25 13:22:22+00:00,8016a1,AKJ1926,India,2026-05-25 13:18:08+00:00,2026-05-25 13:18:08+00:00,87.0259,23.4399,8945.88,9464.04,False,194.48,700.1279999999999,269.24,2.93,,False,0,India,29350.000939199996,31050.000993600002,"5,000-10,000 m",POINT(87.0259 23.4399)
2026-05-25 13:22:38.646455+00:00,2026-05-25 13:22:22+00:00,8016a6,AIC6BW,India,2026-05-25 13:22:22+00:00,2026-05-25 13:22:22+00:00,77.4258,28.3647,1965.96,1958.34,False,102.13,367.668,21.27,-3.25,,False,0,India,6450.0002064,6425.000205599999,"0-5,000 m",POINT(77.4258 28.3647)
2026-05-25 13:22:38.646455+00:00,2026-05-25 13:22:22+00:00,8016a9,IGO676,India,2026-05-25 13:22:21+00:00,2026-05-25 13:22:21+00:00,77.4865,13.126,4922.52,5128.26,False,161.85,582.66,104.92,9.1,,False,0,India,16150.0005168,16825.0005384,"0-5,000 m",POINT(77.4865 13.126)
2026-05-25 13:22:38.646455+00:00,2026-05-25 13:22:22+00:00,8016b7,IGO6453,India,2026-05-25 13:22:21+00:00,2026-05-25 13:22:21+00:00,75.0629,26.4925,10668.0,11323.32,False,227.86,820.296,349.86,0.33,,False,0,India,35000.00112,37150.0011888,"10,000-12,000 m",POINT(75.0629 26.4925)
2026-05-25 13:22:38.646455+00:00,2026-05-25 13:22:22+00:00,8016b9,IGO726W,India,2026-05-25 13:22:21+00:00,2026-05-25 13:22:21+00:00,75.5049,27.2055,9479.28,10027.92,False,210.3,757.08,25.81,-4.55,,False,0,India,31100.000995200004,32900.0010528,"5,000-10,000 m",POINT(75.5049 27.2055)
2026-05-25 13:22:38.646455+00:00,2026-05-25 13:22:22+00:00,8015c0,IGO394,India,2026-05-25 13:22:21+00:00,2026-05-25 13:22:21+00:00,85.2647,24.6924,10363.2,11010.9,False,227.91,820.476,298.59,0.33,,False,0,India,34000.001088000005,36125.001156,"10,000-12,000 m",POINT(85.2647 24.6924)
2026-05-25 13:22:38.646455+00:00,2026-05-25 13:22:22+00:00,8015d3,IGO1104,India,2026-05-25 13:22:20+00:00,2026-05-25 13:22:21+00:00,77.251,28.5108,914.4,807.72,False,84.1,302.76,283.44,0.0,,False,0,India,3000.0000959999998,2650.0000848,"0-5,000 m",POINT(77.251 28.5108)
2026-05-25 13:22:38.646455+00:00,2026-05-25 13:22:22+00:00,8015ca,IGO625P,India,2026-05-25 13:19:51+00:00,2026-05-25 13:19:51+00:00,82.3128,23.4133,10972.8,11696.7,False,227.47,818.892,193.47,-0.33,,False,0,India,36000.001152,38375.001228,"10,000-12,000 m",POINT(82.3128 23.4133)
2026-05-25 13:22:38.646455+00:00,2026-05-25 13:22:22+00:00,8015e3,IGO6276,India,2026-05-25 13:22:05+00:00,2026-05-25 13:22:06+00:00,84.0288,23.2711,11079.48,11795.76,False,209.8,755.2800000000001,215.02,0.65,,False,0,India,36350.001163199995,38700.0012384,"10,000-12,000 m",POINT(84.0288 23.2711)
2026-05-25 13:22:38.646455+00:00,2026-05-25 13:22:22+00:00,8015e2,IGO1161,India,2026-05-25 13:22:21+00:00,2026-05-25 13:22:21+00:00,82.537,27.1685,10675.62,11285.22,False,254.66,916.776,90.46,-0.33,,False,0,India,35025.0011208,37025.0011848,"10,000-12,000 m",POINT(82.537 27.1685)
2026-05-25 13:22:38.646455+00:00,2026-05-25 13:22:22+00:00,8015ef,AXB202W,India,2026-05-25 13:22:21+00:00,2026-05-25 13:22:21+00:00,78.3126,13.7566,7376.16,7772.4,False,200.09,720.3240000000001,45.83,7.48,,False,0,India,24200.0007744,25500.000816,"5,000-10,000 m",POINT(78.3126 13.7566)
2026-05-25 13:22:38.646455+00:00,2026-05-25 13:22:22+00:00,70204b,BBC235,Bangladesh,2026-05-25 13:22:21+00:00,2026-05-25 13:22:21+00:00,91.0499,24.4196,7223.76,7589.52,False,196.6,707.76,231.48,9.75,,False,0,India,23700.0007584,24900.000796800003,"5,000-10,000 m",POINT(91.0499 24.4196)
2026-05-25 13:22:38.646455+00:00,2026-05-25 13:22:22+00:00,80171b,IGO6379,India,2026-05-25 13:22:21+00:00,2026-05-25 13:22:21+00:00,82.9293,26.9927,10355.58,10934.7,False,215.86,777.0960000000001,283.51,0.0,,False,0,India,33975.0010872,35875.001148,"10,000-12,000 m",POINT(82.9293 26.9927)
2026-05-25 13:22:38.646455+00:00,2026-05-25 13:22:22+00:00,801878,IGO379E,India,2026-05-25 13:19:13+00:00,2026-05-25 13:19:13+00:00,77.1134,28.5661,,,True,5.92,21.312,194.06,,,False,0,India,,,,POINT(77.1134 28.5661)
2026-05-25 13:22:38.646455+00:00,2026-05-25 13:22:22+00:00,801862,IGO152,India,2026-05-25 13:22:21+00:00,2026-05-25 13:22:21+00:00,77.4874,12.9833,5951.22,6240.78,False,199.18,717.048,173.92,6.18,,False,0,India,19525.0006248,20475.000655199998,"5,000-10,000 m",POINT(77.4874 12.9833)
2026-05-25 13:22:38.646455+00:00,2026-05-25 13:22:22+00:00,801860,IGO323E,India,2026-05-25 13:21:46+00:00,2026-05-25 13:22:14+00:00,73.4989,22.5273,8839.2,9403.08,False,202.58,729.288,17.28,-0.33,0263,False,0,India,29000.000928,30850.0009872,"5,000-10,000 m",POINT(73.4989 22.5273)
2026-05-25 13:22:38.646455+00:00,2026-05-25 13:22:22+00:00,801874,AXB2932,India,2026-05-25 13:22:21+00:00,2026-05-25 13:22:21+00:00,77.9187,13.1878,1859.28,1859.28,False,103.41,372.276,270.57,-4.55,,False,0,India,6100.0001952,6100.0001952,"0-5,000 m",POINT(77.9187 13.1878)
2026-05-25 13:22:38.646455+00:00,2026-05-25 13:22:22+00:00,80057d,AIC211,India,2026-05-25 13:22:21+00:00,2026-05-25 13:22:22+00:00,77.0263,28.5437,777.24,670.56,False,110.01,396.036,214.14,-0.33,,False,0,India,2550.0000816,2200.0000704,"0-5,000 m",POINT(77.0263 28.5437)
2026-05-25 13:22:38.646455+00:00,2026-05-25 13:22:22+00:00,800585,VUAVE,India,2026-05-25 13:22:21+00:00,2026-05-25 13:22:22+00:00,77.1778,27.2761,6934.2,7284.72,False,182.28,656.208,2.43,-13.33,,False,0,India,22750.000728,23900.0007648,"5,000-10,000 m",POINT(77.1778 27.2761)
2026-05-25 13:22:38.646455+00:00,2026-05-25 13:22:22+00:00,800589,AIC220,India,2026-05-25 13:19:28+00:00,2026-05-25 13:19:35+00:00,77.1052,28.5422,365.76,220.98,False,70.76,254.73600000000002,283.03,-0.98,,False,0,India,1200.0000384,725.0000232,"0-5,000 m",POINT(77.1052 28.5422)
2026-05-25 13:22:38.646455+00:00,2026-05-25 13:22:22+00:00,70209b,BBC347,Bangladesh,2026-05-25 13:22:20+00:00,2026-05-25 13:22:20+00:00,90.4001,23.8518,,,True,3.34,12.024,323.44,,,False,0,India,,,,POINT(90.4001 23.8518)
2026-05-25 13:22:38.646455+00:00,2026-05-25 13:22:22+00:00,800588,AIC2FU,India,2026-05-25 13:22:21+00:00,2026-05-25 13:22:21+00:00,76.5473,27.6936,6316.98,6644.64,False,204.08,734.6880000000001,205.85,7.48,,False,0,India,20725.000663199997,21800.0006976,"5,000-10,000 m",POINT(76.5473 27.6936)
2026-05-25 13:22:38.646455+00:00,2026-05-25 13:22:22+00:00,4246b2,AZG1682,United Kingdom,2026-05-25 13:22:21+00:00,2026-05-25 13:22:21+00:00,78.481,29.1463,9753.6,10241.28,False,220.29,793.044,306.55,-0.33,,False,0,India,32000.001024,33600.0010752,"5,000-10,000 m",POINT(78.481 29.1463)
2026-05-25 13:22:38.646455+00:00,2026-05-25 13:22:22+00:00,8016dd,IGO5234,India,2026-05-25 13:22:21+00:00,2026-05-25 13:22:21+00:00,76.5043,28.3532,10538.46,11125.2,False,241.33,868.788,200.98,3.9,,False,0,India,34575.0011064,36500.001168,"10,000-12,000 m",POINT(76.5043 28.3532)
2026-05-25 13:22:38.646455+00:00,2026-05-25 13:22:22+00:00,8016af,AXB1089,India,2026-05-25 13:22:22+00:00,2026-05-25 13:22:22+00:00,77.3567,27.3795,11582.4,12252.96,False,229.53,826.308,1.54,0.0,,False,0,India,38000.001216,40200.001286399995,"10,000-12,000 m",POINT(77.3567 27.3795)
2026-05-25 13:22:38.646455+00:00,2026-05-25 13:22:22+00:00,896111,UAE566,United Arab Emirates,2026-05-25 13:20:53+00:00,2026-05-25 13:20:53+00:00,77.7618,13.1891,1097.28,1043.94,False,84.37,303.732,270.35,-3.9,,False,0,India,3600.0001152,3425.0001096,"0-5,000 m",POINT(77.7618 13.1891)
2026-05-25 13:22:38.646455+00:00,2026-05-25 13:22:22+00:00,8016c8,AXB1581,India,2026-05-25 13:22:22+00:00,2026-05-25 13:22:22+00:00,77.8235,13.1056,3223.26,3329.94,False,125.01,450.036,90.47,-3.25,,False,0,India,10575.000338400001,10925.0003496,"0-5,000 m",POINT(77.8235 13.1056)
2026-05-25 13:22:38.646455+00:00,2026-05-25 13:22:22+00:00,8016cb,AXB896,India,2026-05-25 13:20:52+00:00,2026-05-25 13:20:52+00:00,77.9818,13.2782,2095.5,2118.36,False,103.88,373.968,128.97,-4.88,,False,0,India,6875.00022,6950.0002224,"0-5,000 m",POINT(77.9818 13.2782)
2026-05-25 13:22:38.646455+00:00,2026-05-25 13:22:22+00:00,801800,IGO27FH,India,2026-05-25 13:22:21+00:00,2026-05-25 13:22:21+00:00,75.611,26.289,10972.8,11650.98,False,238.86,859.8960000000001,200.82,0.0,,False,0,India,36000.001152,38225.0012232,"10,000-12,000 m",POINT(75.611 26.289)
2026-05-25 13:22:38.646455+00:00,2026-05-25 13:22:22+00:00,801804,IGO255K,India,2026-05-25 13:21:47+00:00,2026-05-25 13:21:47+00:00,72.8548,19.091,,,True,1.54,5.5440000000000005,90.0,,,False,0,India,,,,POINT(72.8548 19.091)
2026-05-25 13:22:38.646455+00:00,2026-05-25 13:22:22+00:00,801805,IGO248F,India,2026-05-25 13:22:21+00:00,2026-05-25 13:22:21+00:00,81.5002,26.396,10668.0,11285.22,False,254.23,915.228,116.82,0.0,,False,0,India,35000.00112,37025.0011848,"10,000-12,000 m",POINT(81.5002 26.396)
2026-05-25 13:22:38.646455+00:00,2026-05-25 13:22:22+00:00,801811,AKJ1808,India,2026-05-25 13:22:21+00:00,2026-05-25 13:22:21+00:00,78.6501,28.3157,6035.04,6309.36,False,173.13,623.268,289.62,-8.78,,False,0,India,19800.0006336,20700.000662399998,"5,000-10,000 m",POINT(78.6501 28.3157)
2026-05-25 13:22:38.646455+00:00,2026-05-25 13:22:22+00:00,151dc2,AFL299,Russian Federation,2026-05-25 12:54:15+00:00,2026-05-25 13:22:21+00:00,84.5459,24.9926,10972.8,11643.36,False,251.45,905.22,302.55,0.0,,False,0,India,36000.001152,38200.0012224,"10,000-12,000 m",POINT(84.5459 24.9926)
2026-05-25 13:22:38.646455+00:00,2026-05-25 13:22:22+00:00,80182f,IGO264E,India,2026-05-25 13:22:20+00:00,2026-05-25 13:22:21+00:00,81.4444,26.7435,11582.4,12275.82,False,224.36,807.696,301.21,-0.33,,False,0,India,38000.001216,40275.0012888,"10,000-12,000 m",POINT(81.4444 26.7435)
2026-05-25 13:22:38.646455+00:00,2026-05-25 13:22:22+00:00,801819,IGO354M,India,2026-05-25 13:22:21+00:00,2026-05-25 13:22:21+00:00,76.8083,27.2054,8389.62,8846.82,False,257.92,928.5120000000001,177.83,7.8,,False,0,India,27525.000880800002,29025.0009288,"5,000-10,000 m",POINT(76.8083 27.2054)
2026-05-25 13:22:38.646455+00:00,2026-05-25 13:22:22+00:00,801822,IGO1053,India,2026-05-25 13:21:38+00:00,2026-05-25 13:22:21+00:00,94.6339,16.9522,10668.0,11391.9,False,228.62,823.032,103.0,0.0,0534,False,0,India,35000.00112,37375.001196,"10,000-12,000 m",POINT(94.6339 16.9522)
2026-05-25 13:22:38.646455+00:00,2026-05-25 13:22:22+00:00,80180c,IGO746L,India,2026-05-25 13:22:22+00:00,2026-05-25 13:22:22+00:00,73.25,18.8454,3055.62,3154.68,False,128.84,463.824,123.44,-4.88,7251,False,0,India,10025.0003208,10350.000331199999,"0-5,000 m",POINT(73.25 18.8454)
2026-05-25 13:22:38.646455+00:00,2026-05-25 13:22:22+00:00,80180b,IGO5104,India,2026-05-25 13:22:13+00:00,2026-05-25 13:22:13+00:00,72.8543,19.0909,,,True,2.83,10.188,90.0,,0201,False,0,India,,,,POINT(72.8543 19.0909)
2026-05-25 13:22:38.646455+00:00,2026-05-25 13:22:22+00:00,801826,SDG184,India,2026-05-25 13:21:59+00:00,2026-05-25 13:21:59+00:00,77.8282,13.1885,1463.04,1455.42,False,85.92,309.312,270.69,-4.23,,False,0,India,4800.0001536,4775.0001528,"0-5,000 m",POINT(77.8282 13.1885)
2026-05-25 13:22:38.646455+00:00,2026-05-25 13:22:22+00:00,801828,IGO2100,India,2026-05-25 13:22:18+00:00,2026-05-25 13:22:18+00:00,72.5819,19.7038,4876.8,5120.64,False,196.95,709.02,339.67,0.0,,False,0,India,16000.000512,16800.0005376,"0-5,000 m",POINT(72.5819 19.7038)
2026-05-25 13:22:38.646455+00:00,2026-05-25 13:22:22+00:00,801831,,India,2026-05-25 13:22:15+00:00,2026-05-25 13:22:15+00:00,81.0029,26.649,1760.22,1744.98,False,128.41,462.276,45.49,-7.8,,False,0,India,5775.0001848,5725.0001832,"0-5,000 m",POINT(81.0029 26.649)
2026-05-25 13:22:38.646455+00:00,2026-05-25 13:22:22+00:00,8018a8,IGO471V,India,2026-05-25 13:22:19+00:00,2026-05-25 13:22:19+00:00,72.8962,19.0891,167.64,152.4,False,65.34,235.22400000000002,269.55,-3.25,,False,0,India,550.0000176,500.000016,"0-5,000 m",POINT(72.8962 19.0891)
2026-05-25 13:22:38.646455+00:00,2026-05-25 13:22:22+00:00,7020a6,BBC395,Bangladesh,2026-05-25 13:22:21+00:00,2026-05-25 13:22:21+00:00,90.263,23.7082,2628.9,2682.24,False,107.46,386.856,239.51,8.45,,False,0,India,8625.000276,8800.0002816,"0-5,000 m",POINT(90.263 23.7082)
2026-05-25 13:22:38.646455+00:00,2026-05-25 13:22:22+00:00,7020b8,UBG115,Bangladesh,2026-05-25 13:22:21+00:00,2026-05-25 13:22:21+00:00,90.4601,23.7685,868.68,777.24,False,82.14,295.704,139.83,4.88,,False,0,India,2850.0000912,2550.0000816,"0-5,000 m",POINT(90.4601 23.7685)
2026-05-25 13:22:38.646455+00:00,2026-05-25 13:22:22+00:00,7020b4,UBG333,Bangladesh,2026-05-25 13:22:19+00:00,2026-05-25 13:22:21+00:00,88.6955,23.0628,9745.98,10355.58,False,228.13,821.268,272.58,4.23,,False,0,India,31975.0010232,33975.0010872,"5,000-10,000 m",POINT(88.6955 23.0628)
2026-05-25 13:22:38.646455+00:00,2026-05-25 13:22:22+00:00,8018ca,IGO717,India,2026-05-25 13:18:21+00:00,2026-05-25 13:18:25+00:00,76.9282,25.0408,10668.0,11330.94,False,245.5,883.8000000000001,178.32,-0.33,,False,0,India,35000.00112,37175.0011896,"10,000-12,000 m",POINT(76.9282 25.0408)
2026-05-25 13:22:38.646455+00:00,2026-05-25 13:22:22+00:00,7105b2,SVA835,Saudi Arabia,2026-05-25 13:22:13+00:00,2026-05-25 13:22:14+00:00,75.8805,13.719,12192.0,12931.14,False,260.61,938.196,302.34,-0.33,,False,0,India,40000.00128,42425.0013576,"12,000+ m",POINT(75.8805 13.719)
2026-05-25 13:22:38.646455+00:00,2026-05-25 13:22:22+00:00,8017e5,IGO405K,India,2026-05-25 13:18:49+00:00,2026-05-25 13:21:37+00:00,73.7146,19.3397,4366.26,4518.66,False,145.73,524.6279999999999,81.27,-3.58,,False,0,India,14325.0004584,14825.0004744,"0-5,000 m",POINT(73.7146 19.3397)
2026-05-25 13:22:38.646455+00:00,2026-05-25 13:22:22+00:00,8017e4,IGO315,India,2026-05-25 13:22:21+00:00,2026-05-25 13:22:21+00:00,75.2459,26.6745,11887.2,12611.1,False,242.82,874.152,24.94,0.0,,False,0,India,39000.001248,41375.001324000004,"10,000-12,000 m",POINT(75.2459 26.6745)
2026-05-25 13:22:38.646455+00:00,2026-05-25 13:22:22+00:00,8017f3,IGO601P,India,2026-05-25 13:22:20+00:00,2026-05-25 13:22:21+00:00,77.1881,26.6721,9928.86,10507.98,False,236.91,852.876,357.26,-16.58,,False,0,India,32575.001042400003,34475.0011032,"5,000-10,000 m",POINT(77.1881 26.6721)
2026-05-25 13:22:38.646455+00:00,2026-05-25 13:22:22+00:00,896210,UAE528,United Arab Emirates,2026-05-25 13:22:19+00:00,2026-05-25 13:22:19+00:00,69.9632,20.6979,10058.4,10728.96,False,252.16,907.776,108.07,0.0,6206,False,0,India,33000.001056,35200.0011264,"10,000-12,000 m",POINT(69.9632 20.6979)
2026-05-25 13:22:38.646455+00:00,2026-05-25 13:22:22+00:00,896218,UAE546,United Arab Emirates,2026-05-25 13:21:08+00:00,2026-05-25 13:21:08+00:00,71.7824,18.1602,10668.0,11361.42,False,252.89,910.404,119.22,0.0,,False,0,India,35000.00112,37275.0011928,"10,000-12,000 m",POINT(71.7824 18.1602)
2026-05-25 13:22:38.646455+00:00,2026-05-25 13:22:22+00:00,70c10d,OMS403,Oman,2026-05-25 13:22:21+00:00,2026-05-25 13:22:21+00:00,70.5863,22.8896,11269.98,12016.74,False,237.84,856.224,85.66,0.0,4730,False,0,India,36975.0011832,39425.0012616,"10,000-12,000 m",POINT(70.5863 22.8896)
2026-05-25 13:22:38.646455+00:00,2026-05-25 13:22:22+00:00,780a67,CPA665,China,2026-05-25 13:22:21+00:00,2026-05-25 13:22:21+00:00,85.5659,25.5078,10972.8,11643.36,False,235.88,849.168,281.06,0.0,,False,0,India,36000.001152,38200.0012224,"10,000-12,000 m",POINT(85.5659 25.5078)
2026-05-25 13:22:38.646455+00:00,2026-05-25 13:22:22+00:00,8005d5,SEJ553,India,2026-05-25 13:22:22+00:00,2026-05-25 13:22:22+00:00,82.9316,26.409,3733.8,3901.44,False,181.1,651.96,53.78,-9.1,,False,0,India,12250.000392,12800.0004096,"0-5,000 m",POINT(82.9316 26.409)
2026-05-25 13:22:38.646455+00:00,2026-05-25 13:22:22+00:00,702f0f,AMB5,Bangladesh,2026-05-25 13:19:29+00:00,2026-05-25 13:19:29+00:00,90.3984,23.8521,,,True,3.09,11.124,343.12,,,False,0,India,,,,POINT(90.3984 23.8521)
2026-05-25 13:22:38.646455+00:00,2026-05-25 13:22:22+00:00,89631d,UAE9814,United Arab Emirates,2026-05-25 13:22:21+00:00,2026-05-25 13:22:21+00:00,90.1295,22.4599,11277.6,12009.12,False,249.37,897.7320000000001,97.11,0.0,,False,0,India,37000.001184,39400.0012608,"10,000-12,000 m",POINT(90.1295 22.4599)
2026-05-25 13:22:38.646455+00:00,2026-05-25 13:22:22+00:00,780a27,HKC9458,China,2026-05-25 13:22:01+00:00,2026-05-25 13:22:01+00:00,91.9529,23.7464,11300.46,12138.66,False,248.75,895.5,102.54,-3.58,,False,0,India,37075.0011864,39825.0012744,"10,000-12,000 m",POINT(91.9529 23.7464)
2026-05-25 13:22:38.646455+00:00,2026-05-25 13:22:22+00:00,800737,AIC4210,India,2026-05-25 13:22:21+00:00,2026-05-25 13:22:21+00:00,68.3922,22.9569,11879.58,12672.06,False,253.79,913.644,92.09,-0.33,6220,False,0,India,38975.0012472,41575.001330399995,"10,000-12,000 m",POINT(68.3922 22.9569)
2026-05-25 13:22:38.646455+00:00,2026-05-25 13:22:22+00:00,89652d,ABY515,United Arab Emirates,2026-05-25 13:22:21+00:00,2026-05-25 13:22:21+00:00,72.5824,23.0667,11574.78,12329.16,False,231.95,835.02,266.44,0.0,4742,False,0,India,37975.001215200005,40450.0012944,"10,000-12,000 m",POINT(72.5824 23.0667)
2026-05-25 13:22:38.646455+00:00,2026-05-25 13:22:22+00:00,770593,ALK265,Sri Lanka,2026-05-25 13:22:21+00:00,2026-05-25 13:22:21+00:00,77.5624,9.3183,10980.42,11666.22,False,253.09,911.124,309.06,5.85,,False,0,India,36025.0011528,38275.0012248,"10,000-12,000 m",POINT(77.5624 9.3183)
2026-05-25 13:22:38.646455+00:00,2026-05-25 13:22:22+00:00,896465,ETD238,United Arab Emirates,2026-05-25 13:22:22+00:00,2026-05-25 13:22:22+00:00,69.3116,17.3161,11277.6,12016.74,False,253.41,912.276,118.23,-0.33,,False,0,India,37000.001184,39425.0012616,"10,000-12,000 m",POINT(69.3116 17.3161)
2026-05-25 13:22:38.646455+00:00,2026-05-25 13:22:22+00:00,8963a1,UAE9878,United Arab Emirates,2026-05-25 13:22:21+00:00,2026-05-25 13:22:22+00:00,91.2108,22.8661,11887.2,12649.2,False,253.83,913.788,87.68,-0.33,,False,0,India,39000.001248,41500.001328000006,"10,000-12,000 m",POINT(91.2108 22.8661)
2026-05-25 13:22:38.646455+00:00,2026-05-25 13:22:22+00:00,781214,CES2036,China,2026-05-25 13:22:20+00:00,2026-05-25 13:22:20+00:00,95.0227,23.3914,10668.0,11369.04,False,239.88,863.568,98.63,0.0,,False,0,India,35000.00112,37300.0011936,"10,000-12,000 m",POINT(95.0227 23.3914)
2026-05-25 13:22:38.646455+00:00,2026-05-25 13:22:22+00:00,8964fb,ETD216,United Arab Emirates,2026-05-25 13:22:21+00:00,2026-05-25 13:22:21+00:00,77.3518,28.3328,2491.74,2537.46,False,128.02,460.87200000000007,118.83,-6.18,,False,0,India,8175.000261599999,8325.0002664,"0-5,000 m",POINT(77.3518 28.3328)
2026-05-25 13:22:38.646455+00:00,2026-05-25 13:22:22+00:00,896615,UAE9772,United Arab Emirates,2026-05-25 13:22:21+00:00,2026-05-25 13:22:21+00:00,68.7868,24.1169,12496.8,13274.04,False,254.69,916.884,91.04,0.0,3105,False,0,India,41000.001312,43550.0013936,"12,000+ m",POINT(68.7868 24.1169)
2026-05-25 13:22:38.646455+00:00,2026-05-25 13:22:22+00:00,7335b5,IRM091,Islamic Republic of Iran,2026-05-25 13:22:19+00:00,2026-05-25 13:22:19+00:00,73.559,28.2782,10668.0,11277.6,False,279.21,1005.156,100.3,0.0,,False,0,India,35000.00112,37000.001184,"10,000-12,000 m",POINT(73.559 28.2782)
2026-05-25 13:22:38.646455+00:00,2026-05-25 13:22:22+00:00,896582,ABY802,United Arab Emirates,2026-05-25 13:17:14+00:00,2026-05-25 13:17:46+00:00,71.9678,18.346,10050.78,10706.1,False,240.9,867.24,117.33,0.0,,False,0,India,32975.0010552,35125.001124,"10,000-12,000 m",POINT(71.9678 18.346)
2026-05-25 13:22:38.646455+00:00,2026-05-25 13:22:22+00:00,896587,ABY520,United Arab Emirates,2026-05-25 13:22:21+00:00,2026-05-25 13:22:21+00:00,90.4614,22.4205,7825.74,8298.18,False,244.71,880.956,97.13,-11.7,,False,0,India,25675.0008216,27225.0008712,"5,000-10,000 m",POINT(90.4614 22.4205)
2026-05-25 13:22:38.646455+00:00,2026-05-25 13:22:22+00:00,a3dc4e,N348PC,United States,2026-05-25 13:22:20+00:00,2026-05-25 13:22:20+00:00,82.804,33.1955,,,True,0.06,0.216,272.81,,,False,0,India,,,,POINT(82.804 33.1955)
2026-05-25 13:22:38.646455+00:00,2026-05-25 13:22:22+00:00,896558,ABY571,United Arab Emirates,2026-05-25 13:22:20+00:00,2026-05-25 13:22:21+00:00,88.7775,24.863,9563.1,10165.08,False,247.41,890.676,106.55,-11.05,,False,0,India,31375.001004,33350.0010672,"5,000-10,000 m",POINT(88.7775 24.863)
2026-05-25 13:22:38.646455+00:00,2026-05-25 13:22:22+00:00,7705c6,ALK253,Sri Lanka,2026-05-25 13:22:21+00:00,2026-05-25 13:22:21+00:00,78.226,8.5963,8481.06,8945.88,False,242.4,872.64,310.18,7.8,,False,0,India,27825.0008904,29350.000939199996,"5,000-10,000 m",POINT(78.226 8.5963)
2026-05-25 13:22:38.646455+00:00,2026-05-25 13:22:22+00:00,8965f9,ADY061,United Arab Emirates,2026-05-25 13:22:13+00:00,2026-05-25 13:22:13+00:00,87.7599,22.7603,10050.78,10698.48,False,246.49,887.364,98.4,0.0,,False,0,India,32975.0010552,35100.001123199996,"10,000-12,000 m",POINT(87.7599 22.7603)
2026-05-25 13:22:38.646455+00:00,2026-05-25 13:22:22+00:00,896719,ABY510,United Arab Emirates,2026-05-25 13:22:21+00:00,2026-05-25 13:22:21+00:00,72.0345,23.0551,10668.0,11391.9,False,241.05,867.7800000000001,87.19,0.0,1741,False,0,India,35000.00112,37375.001196,"10,000-12,000 m",POINT(72.0345 23.0551)
2026-05-25 13:22:38.646455+00:00,2026-05-25 13:22:22+00:00,896699,ETD5M3,United Arab Emirates,2026-05-25 13:18:08+00:00,2026-05-25 13:18:08+00:00,69.8857,32.0854,10043.16,10553.7,False,242.36,872.4960000000001,41.47,0.0,,False,0,India,32950.001054399996,34625.001108000004,"10,000-12,000 m",POINT(69.8857 32.0854)
2026-05-25 13:22:38.646455+00:00,2026-05-25 13:22:22+00:00,a4fd3d,N420SP,United States,2026-05-25 13:22:16+00:00,2026-05-25 13:22:16+00:00,82.8044,33.2009,,,True,5.14,18.503999999999998,8.44,,,False,0,India,,,,POINT(82.8044 33.2009)
2026-05-25 13:22:38.646455+00:00,2026-05-25 13:22:22+00:00,89665d,ADY063,United Arab Emirates,2026-05-25 13:22:20+00:00,2026-05-25 13:22:20+00:00,87.505,24.467,10066.02,10690.86,False,266.57,959.652,70.03,-0.33,,False,0,India,33025.0010568,35075.001122400005,"10,000-12,000 m",POINT(87.505 24.467)
2026-05-25 13:22:38.646455+00:00,2026-05-25 13:22:22+00:00,8965e1,ADY203,United Arab Emirates,2026-05-25 13:21:11+00:00,2026-05-25 13:21:16+00:00,69.8857,17.0194,10668.0,11369.04,False,237.07,853.452,118.23,0.0,,False,0,India,35000.00112,37300.0011936,"10,000-12,000 m",POINT(69.8857 17.0194)
2026-05-25 13:22:38.646455+00:00,2026-05-25 13:22:22+00:00,8832d4,TLM245,Thailand,2026-05-25 13:22:20+00:00,2026-05-25 13:22:20+00:00,85.1115,24.6385,11277.6,12024.36,False,243.13,875.268,123.96,0.0,,False,0,India,37000.001184,39450.0012624,"10,000-12,000 m",POINT(85.1115 24.6385)
2026-05-25 13:22:38.646455+00:00,2026-05-25 13:22:22+00:00,76cd73,SIA406,Singapore,2026-05-25 13:22:21+00:00,2026-05-25 13:22:21+00:00,78.7287,25.3968,11582.4,12283.44,False,236.65,851.94,298.57,-0.33,,False,0,India,38000.001216,40300.001289600004,"10,000-12,000 m",POINT(78.7287 25.3968)
2026-05-25 13:22:38.646455+00:00,2026-05-25 13:22:22+00:00,781ff2,CSS159,China,2026-05-25 13:22:21+00:00,2026-05-25 13:22:21+00:00,85.4284,25.5321,9151.62,9654.54,False,227.41,818.676,280.95,0.0,,False,0,India,30025.000960800004,31675.001013600002,"5,000-10,000 m",POINT(85.4284 25.5321)
2026-05-25 13:22:38.646455+00:00,2026-05-25 13:22:22+00:00,7813bd,CSN6037,China,2026-05-25 13:22:21+00:00,2026-05-25 13:22:21+00:00,82.5274,26.3211,10965.18,11597.64,False,239.38,861.768,286.99,-0.33,,False,0,India,35975.0011512,38050.001217599995,"10,000-12,000 m",POINT(82.5274 26.3211)
2026-05-25 13:22:38.646455+00:00,2026-05-25 13:22:22+00:00,8966f0,UAE9851,United Arab Emirates,2026-05-25 13:22:21+00:00,2026-05-25 13:22:21+00:00,69.2679,22.9049,10363.2,11033.76,False,250.05,900.1800000000001,273.77,0.0,5137,False,0,India,34000.001088000005,36200.0011584,"10,000-12,000 m",POINT(69.2679 22.9049)
2026-05-25 13:22:38.646455+00:00,2026-05-25 13:22:22+00:00,8966ea,CGS703,United Arab Emirates,2026-05-25 13:22:12+00:00,2026-05-25 13:22:20+00:00,72.8709,19.2143,3345.18,3489.96,False,129.13,464.868,90.46,0.0,6211,False,0,India,10975.0003512,11450.0003664,"0-5,000 m",POINT(72.8709 19.2143)
2026-05-25 13:22:38.646455+00:00,2026-05-25 13:22:22+00:00,c01732,ACA42,Canada,2026-05-25 13:22:21+00:00,2026-05-25 13:22:22+00:00,76.2775,29.2475,6903.72,7239.0,False,222.97,802.692,131.82,-7.15,,False,0,India,22650.0007248,23750.00076,"5,000-10,000 m",POINT(76.2775 29.2475)
2026-05-25 13:22:38.646455+00:00,2026-05-25 13:22:22+00:00,04022c,ETH3789,Ethiopia,2026-05-25 13:22:21+00:00,2026-05-25 13:22:21+00:00,94.5741,22.6223,9144.0,9730.74,False,251.28,904.6080000000001,263.18,0.0,,False,0,India,30000.00096,31925.001021599997,"5,000-10,000 m",POINT(94.5741 22.6223)
2026-05-25 13:22:38.646455+00:00,2026-05-25 13:22:22+00:00,8966ed,UAE9837,United Arab Emirates,2026-05-25 13:10:45+00:00,2026-05-25 13:18:59+00:00,95.9421,21.9667,9753.6,10401.3,False,259.31,933.5160000000001,282.02,-0.33,,False,0,India,32000.001024,34125.001092,"5,000-10,000 m",POINT(95.9421 21.9667)
2026-05-25 13:22:38.646455+00:00,2026-05-25 13:22:22+00:00,8966d3,ETD204,United Arab Emirates,2026-05-25 13:22:16+00:00,2026-05-25 13:22:16+00:00,73.1959,19.2899,2606.04,2674.62,False,136.84,492.624,90.22,-2.28,,False,0,India,8550.0002736,8775.000280799999,"0-5,000 m",POINT(73.1959 19.2899)
2026-05-25 13:22:38.646455+00:00,2026-05-25 13:22:22+00:00,760a09,SIF737,Pakistan,2026-05-25 13:22:19+00:00,2026-05-25 13:22:19+00:00,72.0431,29.9028,10668.0,11277.6,False,248.06,893.0160000000001,53.18,0.0,,False,0,India,35000.00112,37000.001184,"10,000-12,000 m",POINT(72.0431 29.9028)
2026-05-25 13:22:38.646455+00:00,2026-05-25 13:22:22+00:00,75041b,MXD182,Malaysia,2026-05-25 13:19:45+00:00,2026-05-25 13:19:45+00:00,88.1883,20.951,11582.4,12336.78,False,247.19,889.884,340.17,0.33,,False,0,India,38000.001216,40475.0012952,"10,000-12,000 m",POINT(88.1883 20.951)
2026-05-25 13:22:38.646455+00:00,2026-05-25 13:22:22+00:00,abd336,GTI585,United States,2026-05-25 13:21:17+00:00,2026-05-25 13:21:21+00:00,90.3961,23.8555,,,True,0.06,0.216,233.44,,,False,0,India,,,,POINT(90.3961 23.8555)
2026-05-25 13:22:38.646455+00:00,2026-05-25 13:22:22+00:00,06a30c,QTR8040,Qatar,2026-05-25 13:22:20+00:00,2026-05-25 13:22:20+00:00,90.6459,22.5825,10668.0,11353.8,False,261.2,940.3199999999999,85.26,0.0,,False,0,India,35000.00112,37250.001191999996,"10,000-12,000 m",POINT(90.6459 22.5825)
2026-05-25 13:22:38.646455+00:00,2026-05-25 13:22:22+00:00,4ba892,THY6190,Turkey,2026-05-25 13:22:21+00:00,2026-05-25 13:22:22+00:00,80.5466,27.1623,12496.8,13213.08,False,250.13,900.468,109.96,-0.33,,False,0,India,41000.001312,43350.0013872,"12,000+ m",POINT(80.5466 27.1623)
2026-05-25 13:22:38.646455+00:00,2026-05-25 13:22:22+00:00,800b14,IGO38RA,India,2026-05-25 13:22:21+00:00,2026-05-25 13:22:21+00:00,76.7601,28.236,10134.6,10698.48,False,243.43,876.3480000000001,205.81,7.8,,False,0,India,33250.001064000004,35100.001123199996,"10,000-12,000 m",POINT(76.7601 28.236)
2026-05-25 13:22:38.646455+00:00,2026-05-25 13:22:22+00:00,800b57,VTAUV,India,2026-05-25 13:22:21+00:00,2026-05-25 13:22:21+00:00,77.7644,13.5578,4244.34,4419.6,False,138.19,497.484,200.26,-4.55,,False,0,India,13925.0004456,14500.000464,"0-5,000 m",POINT(77.7644 13.5578)
2026-05-25 13:22:38.646455+00:00,2026-05-25 13:22:22+00:00,800b99,AXB1041,India,2026-05-25 13:22:21+00:00,2026-05-25 13:22:22+00:00,79.1949,27.5739,10668.0,11231.88,False,259.84,935.424,106.21,-0.33,,False,0,India,35000.00112,36850.0011792,"10,000-12,000 m",POINT(79.1949 27.5739)
2026-05-25 13:22:38.646455+00:00,2026-05-25 13:22:22+00:00,4d239a,,Malta,2026-05-25 13:22:18+00:00,2026-05-25 13:22:21+00:00,77.0982,28.5643,350.52,182.88,False,84.24,303.264,285.22,7.15,,False,0,India,1150.0000367999999,600.0000192,"0-5,000 m",POINT(77.0982 28.5643)
2026-05-25 13:22:38.646455+00:00,2026-05-25 13:22:22+00:00,4d239c,SEJ681,Malta,2026-05-25 13:22:20+00:00,2026-05-25 13:22:20+00:00,72.7609,19.163,1569.72,1562.1,False,139.04,500.544,352.56,12.68,,False,0,India,5150.0001648,5125.000164,"0-5,000 m",POINT(72.7609 19.163)
2026-05-25 13:22:38.646455+00:00,2026-05-25 13:22:22+00:00,800b9a,AXB2176,India,2026-05-25 13:18:26+00:00,2026-05-25 13:18:26+00:00,77.7618,13.1891,1089.66,1028.7,False,82.32,296.352,270.72,-3.9,,False,0,India,3575.0001144000003,3375.000108,"0-5,000 m",POINT(77.7618 13.1891)
2026-05-25 13:22:38.646455+00:00,2026-05-25 13:22:22+00:00,800b9e,AXB2381,India,2026-05-25 13:22:13+00:00,2026-05-25 13:22:13+00:00,72.9032,19.7645,11277.6,11993.88,False,231.71,834.1560000000001,2.42,0.33,2003,False,0,India,37000.001184,39350.0012592,"10,000-12,000 m",POINT(72.9032 19.7645)
2026-05-25 13:22:38.646455+00:00,2026-05-25 13:22:22+00:00,800b80,SEJ496,India,2026-05-25 13:21:52+00:00,2026-05-25 13:22:09+00:00,77.9268,28.5489,2438.4,2506.98,False,124.92,449.712,274.72,0.0,,False,0,India,8000.000256,8225.0002632,"0-5,000 m",POINT(77.9268 28.5489)
2026-05-25 13:22:38.646455+00:00,2026-05-25 13:22:22+00:00,3c4588,BOX530,Germany,2026-05-25 13:22:16+00:00,2026-05-25 13:22:17+00:00,88.1693,22.8561,10668.0,11361.42,False,257.59,927.324,124.83,0.0,,False,0,India,35000.00112,37275.0011928,"10,000-12,000 m",POINT(88.1693 22.8561)
2026-05-25 13:22:38.646455+00:00,2026-05-25 13:22:22+00:00,800c01,IGO6027,India,2026-05-25 13:21:34+00:00,2026-05-25 13:21:34+00:00,73.3005,23.6883,7559.04,9166.86,False,195.93,705.3480000000001,317.77,-3.58,0335,False,0,India,24800.0007936,30075.0009624,"5,000-10,000 m",POINT(73.3005 23.6883)
2026-05-25 13:22:38.646455+00:00,2026-05-25 13:22:22+00:00,800c08,AIC2HX,India,2026-05-25 13:22:21+00:00,2026-05-25 13:22:21+00:00,76.2737,10.1466,609.6,525.78,False,88.51,318.636,88.67,-2.6,,False,0,India,2000.000064,1725.0000552,"0-5,000 m",POINT(76.2737 10.1466)
2026-05-25 13:22:38.646455+00:00,2026-05-25 13:22:22+00:00,800c07,AIC1ZX,India,2026-05-25 13:22:22+00:00,2026-05-25 13:22:22+00:00,76.2675,28.362,10058.4,10607.04,False,223.9,806.0400000000001,10.46,0.0,,False,0,India,33000.001056,34800.0011136,"10,000-12,000 m",POINT(76.2675 28.362)
2026-05-25 13:22:38.646455+00:00,2026-05-25 13:22:22+00:00,800c3c,AIC6PE,India,2026-05-25 13:22:20+00:00,2026-05-25 13:22:20+00:00,76.7863,26.6019,10058.4,10652.76,False,245.56,884.0160000000001,182.16,6.5,,False,0,India,33000.001056,34950.0011184,"10,000-12,000 m",POINT(76.7863 26.6019)
2026-05-25 13:22:38.646455+00:00,2026-05-25 13:22:22+00:00,800c11,IGO259F,India,2026-05-25 13:21:45+00:00,2026-05-25 13:21:45+00:00,77.0899,28.5609,,,True,4.12,14.832,202.5,,,False,0,India,,,,POINT(77.0899 28.5609)
2026-05-25 13:22:38.646455+00:00,2026-05-25 13:22:22+00:00,800c71,IGO432C,India,2026-05-25 13:17:57+00:00,2026-05-25 13:21:59+00:00,75.495,25.9798,9730.74,10309.86,False,237.34,854.424,219.11,-5.53,,False,0,India,31925.001021599997,33825.0010824,"5,000-10,000 m",POINT(75.495 25.9798)
2026-05-25 13:22:38.646455+00:00,2026-05-25 13:22:22+00:00,800c6e,IGO7016,India,2026-05-25 13:22:11+00:00,2026-05-25 13:22:11+00:00,73.3728,18.98,1699.26,1744.98,False,100.76,362.73600000000005,352.08,-0.65,2004,False,0,India,5575.0001784,5725.0001832,"0-5,000 m",POINT(73.3728 18.98)
2026-05-25 13:22:38.646455+00:00,2026-05-25 13:22:22+00:00,800c89,AIC8JK,India,2026-05-25 13:22:21+00:00,2026-05-25 13:22:21+00:00,84.129,26.7146,11590.02,12275.82,False,216.45,779.22,285.72,0.0,,False,0,India,38025.0012168,40275.0012888,"10,000-12,000 m",POINT(84.129 26.7146)
2026-05-25 13:22:38.646455+00:00,2026-05-25 13:22:22+00:00,800c4b,AIC8SY,India,2026-05-25 13:22:20+00:00,2026-05-25 13:22:21+00:00,77.564,13.4007,3947.16,4091.94,False,146.11,525.9960000000001,19.33,12.03,,False,0,India,12950.0004144,13425.0004296,"0-5,000 m",POINT(77.564 13.4007)
2026-05-25 13:22:38.646455+00:00,2026-05-25 13:22:22+00:00,80139e,AIC1ST,India,2026-05-25 13:22:21+00:00,2026-05-25 13:22:21+00:00,73.3528,19.1955,2042.16,2072.64,False,113.14,407.30400000000003,172.42,-2.93,,False,0,India,6700.0002144,6800.0002176,"0-5,000 m",POINT(73.3528 19.1955)
2026-05-25 13:22:38.646455+00:00,2026-05-25 13:22:22+00:00,800c99,IGO7231,India,2026-05-25 13:22:03+00:00,2026-05-25 13:22:03+00:00,77.7807,13.534,2750.82,2880.36,False,126.34,454.824,86.03,0.0,,False,0,India,9025.0002888,9450.0003024,"0-5,000 m",POINT(77.7807 13.534)
2026-05-25 13:22:38.646455+00:00,2026-05-25 13:22:22+00:00,800c8e,AIC8AS,India,2026-05-25 13:19:36+00:00,2026-05-25 13:19:36+00:00,74.9934,26.2117,7284.72,7856.22,False,216.2,778.3199999999999,46.93,-12.03,,False,0,India,23900.0007648,25775.0008248,"5,000-10,000 m",POINT(74.9934 26.2117)
2026-05-25 13:22:38.646455+00:00,2026-05-25 13:22:22+00:00,70afb9,RNA402,Nepal,2026-05-25 13:22:20+00:00,2026-05-25 13:22:20+00:00,84.9436,26.758,5318.76,5532.12,False,149.93,539.748,232.11,-7.15,,False,0,India,17450.0005584,18150.0005808,"5,000-10,000 m",POINT(84.9436 26.758)
2026-05-25 13:22:38.646455+00:00,2026-05-25 13:22:22+00:00,800af4,IGO6764,India,2026-05-25 13:22:21+00:00,2026-05-25 13:22:21+00:00,88.436,24.7318,10972.8,11696.7,False,217.9,784.44,282.82,0.33,,False,0,India,36000.001152,38375.001228,"10,000-12,000 m",POINT(88.436 24.7318)
2026-05-25 13:22:38.646455+00:00,2026-05-25 13:22:22+00:00,773645,ALK175,Sri Lanka,2026-05-25 13:21:35+00:00,2026-05-25 13:21:35+00:00,79.7776,12.4522,10668.0,11323.32,False,233.18,839.4480000000001,352.14,0.0,,False,0,India,35000.00112,37150.0011888,"10,000-12,000 m",POINT(79.7776 12.4522)
2026-05-25 13:22:38.646455+00:00,2026-05-25 13:22:22+00:00,800d10,IGO906E,India,2026-05-25 13:19:31+00:00,2026-05-25 13:19:47+00:00,83.3192,17.5963,2484.12,,False,135.01,486.036,86.72,-8.45,,False,0,India,8150.0002607999995,,"0-5,000 m",POINT(83.3192 17.5963)
2026-05-25 13:22:38.646455+00:00,2026-05-25 13:22:22+00:00,800d18,SEJ2704,India,2026-05-25 13:22:20+00:00,2026-05-25 13:22:21+00:00,77.4792,13.2426,6400.8,6736.08,False,159.51,574.236,99.28,0.0,,False,0,India,21000.000672000002,22100.0007072,"5,000-10,000 m",POINT(77.4792 13.2426)
2026-05-25 13:22:38.646455+00:00,2026-05-25 13:22:22+00:00,801407,AXB136,India,2026-05-25 13:22:21+00:00,2026-05-25 13:22:21+00:00,70.3944,23.117,10660.38,11369.04,False,236.31,850.716,64.33,0.0,3410,False,0,India,34975.001119199995,37300.0011936,"10,000-12,000 m",POINT(70.3944 23.117)
2026-05-25 13:22:38.646455+00:00,2026-05-25 13:22:22+00:00,801405,IGO5161,India,2026-05-25 13:22:21+00:00,2026-05-25 13:22:21+00:00,76.3354,28.7778,6713.22,7033.26,False,162.1,583.56,304.4,10.4,,False,0,India,22025.0007048,23075.000738400002,"5,000-10,000 m",POINT(76.3354 28.7778)
2026-05-25 13:22:38.646455+00:00,2026-05-25 13:22:22+00:00,801411,IGO357C,India,2026-05-25 13:22:02+00:00,2026-05-25 13:22:02+00:00,77.1137,28.5669,,,True,5.66,20.376,180.0,,,False,0,India,,,,POINT(77.1137 28.5669)
2026-05-25 13:22:38.646455+00:00,2026-05-25 13:22:22+00:00,800d09,IGO255V,India,2026-05-25 13:22:21+00:00,2026-05-25 13:22:21+00:00,77.3875,28.0904,10988.04,11612.88,False,236.2,850.3199999999999,1.37,0.0,,False,0,India,36050.0011536,38100.0012192,"10,000-12,000 m",POINT(77.3875 28.0904)
2026-05-25 13:22:38.646455+00:00,2026-05-25 13:22:22+00:00,80142b,IGO6041,India,2026-05-25 13:22:20+00:00,2026-05-25 13:22:21+00:00,77.2019,30.1324,6850.38,7155.18,False,231.46,833.2560000000001,124.68,9.43,,False,0,India,22475.0007192,23475.0007512,"5,000-10,000 m",POINT(77.2019 30.1324)
2026-05-25 13:22:38.646455+00:00,2026-05-25 13:22:22+00:00,800d52,LLR675,India,2026-05-25 13:22:21+00:00,2026-05-25 13:22:21+00:00,78.43,27.7703,4572.0,4792.98,False,136.77,492.37200000000007,103.04,0.0,,False,0,India,15000.00048,15725.000503199999,"0-5,000 m",POINT(78.43 27.7703)
2026-05-25 13:22:38.646455+00:00,2026-05-25 13:22:22+00:00,801422,IGO6005,India,2026-05-25 13:19:58+00:00,2026-05-25 13:20:11+00:00,77.0728,30.493,2118.36,2125.98,False,128.15,461.34000000000003,333.02,-5.2,,False,0,India,6950.0002224,6975.0002232,"0-5,000 m",POINT(77.0728 30.493)
2026-05-25 13:22:38.646455+00:00,2026-05-25 13:22:22+00:00,80140e,AXB1049,India,2026-05-25 13:20:58+00:00,2026-05-25 13:21:01+00:00,77.114,28.5663,,,True,2.83,10.188,196.88,,,False,0,India,,,,POINT(77.114 28.5663)
2026-05-25 13:22:38.646455+00:00,2026-05-25 13:22:22+00:00,800d40,AIC2335,India,2026-05-25 13:22:21+00:00,2026-05-25 13:22:21+00:00,96.6589,15.6637,10363.2,11056.62,False,245.81,884.916,288.55,-0.33,,False,0,India,34000.001088000005,36275.001160800006,"10,000-12,000 m",POINT(96.6589 15.6637)
2026-05-25 13:22:38.646455+00:00,2026-05-25 13:22:22+00:00,801431,IGO543J,India,2026-05-25 13:20:04+00:00,2026-05-25 13:20:04+00:00,73.0427,20.0915,5204.46,5471.16,False,184.85,665.46,357.61,-5.85,7244,False,0,India,17075.0005464,17950.0005744,"5,000-10,000 m",POINT(73.0427 20.0915)
2026-05-25 13:22:38.646455+00:00,2026-05-25 13:22:22+00:00,801434,IGO5932,India,2026-05-25 13:22:20+00:00,2026-05-25 13:22:21+00:00,73.6729,22.9844,11574.78,12321.54,False,237.05,853.3800000000001,183.36,-0.33,0565,False,0,India,37975.001215200005,40425.001293600006,"10,000-12,000 m",POINT(73.6729 22.9844)
2026-05-25 13:22:38.646455+00:00,2026-05-25 13:22:22+00:00,80146d,IGO1HT,India,2026-05-25 13:19:53+00:00,2026-05-25 13:19:53+00:00,73.3335,19.0184,1432.56,1409.7,False,102.16,367.776,262.77,-3.9,2054,False,0,India,4700.0001504,4625.000148,"0-5,000 m",POINT(73.3335 19.0184)
2026-05-25 13:22:38.646455+00:00,2026-05-25 13:22:22+00:00,800d8b,AXB2017,India,2026-05-25 13:22:22+00:00,2026-05-25 13:22:22+00:00,76.9182,25.869,10668.0,11330.94,False,239.74,863.0640000000001,179.51,-0.33,,False,0,India,35000.00112,37175.0011896,"10,000-12,000 m",POINT(76.9182 25.869)
2026-05-25 13:22:38.646455+00:00,2026-05-25 13:22:22+00:00,801492,IGO6150,India,2026-05-25 13:22:21+00:00,2026-05-25 13:22:21+00:00,85.8734,26.3184,10370.82,10995.66,False,218.39,786.204,272.84,0.0,,False,0,India,34025.001088799996,36075.0011544,"10,000-12,000 m",POINT(85.8734 26.3184)
2026-05-25 13:22:38.646455+00:00,2026-05-25 13:22:22+00:00,801461,IGO144,India,2026-05-25 13:22:15+00:00,2026-05-25 13:22:21+00:00,76.6118,10.7273,3695.7,3817.62,False,164.22,591.192,219.02,-7.48,,False,0,India,12125.000387999999,12525.0004008,"0-5,000 m",POINT(76.6118 10.7273)
2026-05-25 13:22:38.646455+00:00,2026-05-25 13:22:22+00:00,80145e,IGO6504,India,2026-05-25 13:22:20+00:00,2026-05-25 13:22:21+00:00,78.9897,28.0844,8077.2,8481.06,False,187.35,674.46,303.12,-11.05,,False,0,India,26500.000848,27825.0008904,"5,000-10,000 m",POINT(78.9897 28.0844)
2026-05-25 13:22:38.646455+00:00,2026-05-25 13:22:22+00:00,80145b,IGO305Y,India,2026-05-25 13:19:30+00:00,2026-05-25 13:19:43+00:00,76.011,10.6153,5349.24,5585.46,False,213.33,767.988,334.73,8.45,,False,0,India,17550.000561599998,18325.0005864,"5,000-10,000 m",POINT(76.011 10.6153)
2026-05-25 13:22:38.646455+00:00,2026-05-25 13:22:22+00:00,80149a,IGO54PW,India,2026-05-25 13:22:20+00:00,2026-05-25 13:22:20+00:00,86.3844,24.5533,9745.98,10347.96,False,216.43,779.148,311.72,0.98,,False,0,India,31975.0010232,33950.0010864,"5,000-10,000 m",POINT(86.3844 24.5533)
2026-05-25 13:22:38.646455+00:00,2026-05-25 13:22:22+00:00,80149d,IGO7256,India,2026-05-25 13:20:47+00:00,2026-05-25 13:20:47+00:00,76.3725,10.1501,121.92,0.0,False,59.73,215.028,87.53,-2.93,,False,0,India,400.0000128,0.0,"0-5,000 m",POINT(76.3725 10.1501)
2026-05-25 13:22:38.646455+00:00,2026-05-25 13:22:22+00:00,06a1e7,QTR8962,Qatar,2026-05-25 13:21:49+00:00,2026-05-25 13:21:54+00:00,73.1311,23.0905,10058.4,10728.96,False,261.09,939.924,87.4,0.0,2140,False,0,India,33000.001056,35200.0011264,"10,000-12,000 m",POINT(73.1311 23.0905)
2026-05-25 13:22:38.646455+00:00,2026-05-25 13:22:22+00:00,a4d266,N41GJ,United States,2026-05-25 13:21:14+00:00,2026-05-25 13:21:14+00:00,73.1897,19.0925,1211.58,1173.48,False,92.6,333.36,270.0,0.98,6224,False,0,India,3975.0001272,3850.0001232,"0-5,000 m",POINT(73.1897 19.0925)
2026-05-25 13:22:38.646455+00:00,2026-05-25 13:22:22+00:00,800bc0,IGO2416,India,2026-05-25 13:22:15+00:00,2026-05-25 13:22:15+00:00,77.0883,28.5609,,,True,0.77,2.7720000000000002,154.69,,,False,0,India,,,,POINT(77.0883 28.5609)
2026-05-25 13:22:38.646455+00:00,2026-05-25 13:22:22+00:00,800be6,AIC8KY,India,2026-05-25 13:22:20+00:00,2026-05-25 13:22:20+00:00,72.474,19.261,3947.16,4122.42,False,150.64,542.304,313.62,-3.9,,False,0,India,12950.0004144,13525.0004328,"0-5,000 m",POINT(72.474 19.261)
2026-05-25 13:22:38.646455+00:00,2026-05-25 13:22:22+00:00,800be7,AIC2275,India,2026-05-25 13:21:44+00:00,2026-05-25 13:21:44+00:00,72.8585,19.0903,,,True,5.14,18.503999999999998,64.69,,7345,False,0,India,,,,POINT(72.8585 19.0903)
2026-05-25 13:22:38.646455+00:00,2026-05-25 13:22:22+00:00,0100a3,MSR509,Egypt,2026-05-25 13:19:24+00:00,2026-05-25 13:19:24+00:00,91.9566,22.8997,12496.8,13304.52,False,236.63,851.868,113.44,0.33,,False,0,India,41000.001312,43650.0013968,"12,000+ m",POINT(91.9566 22.8997)
2026-05-25 13:22:38.646455+00:00,2026-05-25 13:22:22+00:00,adc541,N987BC,United States,2026-05-25 13:17:16+00:00,2026-05-25 13:17:16+00:00,82.8035,33.2103,,,True,8.23,29.628000000000004,357.19,,,False,0,India,,,,POINT(82.8035 33.2103)
2026-05-25 13:22:38.646455+00:00,2026-05-25 13:22:22+00:00,801526,AKJ585,India,2026-05-25 13:22:15+00:00,2026-05-25 13:22:15+00:00,68.0795,19.0105,11277.6,12009.12,False,235.41,847.476,117.74,0.0,,False,0,India,37000.001184,39400.0012608,"10,000-12,000 m",POINT(68.0795 19.0105)
2026-05-25 13:22:38.646455+00:00,2026-05-25 13:22:22+00:00,801536,IGO572,India,2026-05-25 13:22:21+00:00,2026-05-25 13:22:21+00:00,91.3714,24.7604,5151.12,5372.1,False,203.57,732.852,7.84,3.9,,False,0,India,16900.0005408,17625.000564,"5,000-10,000 m",POINT(91.3714 24.7604)
2026-05-25 13:22:38.646455+00:00,2026-05-25 13:22:22+00:00,801503,IGO6914,India,2026-05-25 13:22:21+00:00,2026-05-25 13:22:21+00:00,89.1705,24.6687,10378.44,11041.38,False,224.78,809.208,202.04,-0.33,,False,0,India,34050.0010896,36225.001159199994,"10,000-12,000 m",POINT(89.1705 24.6687)
2026-05-25 13:22:38.646455+00:00,2026-05-25 13:22:22+00:00,801508,AKJ1803,India,2026-05-25 13:22:13+00:00,2026-05-25 13:22:15+00:00,80.1959,27.0942,10668.0,11269.98,False,261.11,939.9960000000001,123.75,-0.33,,False,0,India,35000.00112,36975.0011832,"10,000-12,000 m",POINT(80.1959 27.0942)
2026-05-25 13:22:38.646455+00:00,2026-05-25 13:22:22+00:00,80154d,IGO2012,India,2026-05-25 13:22:20+00:00,2026-05-25 13:22:20+00:00,72.996,19.0905,693.42,640.08,False,82.32,296.352,269.28,-4.23,0631,False,0,India,2275.0000728,2100.0000672,"0-5,000 m",POINT(72.996 19.0905)
2026-05-25 13:22:38.646455+00:00,2026-05-25 13:22:22+00:00,801562,IGO6417,India,2026-05-25 13:20:59+00:00,2026-05-25 13:20:59+00:00,78.0907,13.4133,2743.2,2804.16,False,106.73,384.228,109.13,0.0,,False,0,India,9000.000288,9200.000294399999,"0-5,000 m",POINT(78.0907 13.4133)
2026-05-25 13:22:38.646455+00:00,2026-05-25 13:22:22+00:00,801560,IGO1722,India,2026-05-25 13:22:21+00:00,2026-05-25 13:22:22+00:00,77.3826,28.5636,1097.28,1005.84,False,87.98,316.728,271.01,-1.63,,False,0,India,3600.0001152,3300.0001056,"0-5,000 m",POINT(77.3826 28.5636)
2026-05-25 13:22:38.646455+00:00,2026-05-25 13:22:22+00:00,801547,AKJ478W,India,2026-05-25 13:22:21+00:00,2026-05-25 13:22:21+00:00,77.1807,28.5684,662.94,533.4,False,73.08,263.088,271.61,-3.9,,False,0,India,2175.0000696,1750.0000559999999,"0-5,000 m",POINT(77.1807 28.5684)
2026-05-25 13:22:38.646455+00:00,2026-05-25 13:22:22+00:00,80153e,IGO907P,India,2026-05-25 13:22:22+00:00,2026-05-25 13:22:22+00:00,83.8854,25.1088,10363.2,10995.66,False,225.31,811.116,290.59,0.0,,False,0,India,34000.001088000005,36075.0011544,"10,000-12,000 m",POINT(83.8854 25.1088)
2026-05-25 13:22:38.646455+00:00,2026-05-25 13:22:22+00:00,801553,AIC7PB,India,2026-05-25 13:22:21+00:00,2026-05-25 13:22:22+00:00,75.8537,26.3987,11010.9,11681.46,False,226.2,814.3199999999999,205.46,2.28,,False,0,India,36125.001156,38325.001226399996,"10,000-12,000 m",POINT(75.8537 26.3987)
2026-05-25 13:22:38.646455+00:00,2026-05-25 13:22:22+00:00,801554,IGO726,India,2026-05-25 13:22:03+00:00,2026-05-25 13:22:04+00:00,78.2089,11.6156,7132.32,7520.94,False,218.19,785.484,246.52,-18.53,,False,0,India,23400.000748799997,24675.0007896,"5,000-10,000 m",POINT(78.2089 11.6156)
2026-05-25 13:22:38.646455+00:00,2026-05-25 13:22:22+00:00,80158b,AIC7RL,India,2026-05-25 13:22:22+00:00,2026-05-25 13:22:22+00:00,75.6605,27.7156,7993.38,8458.2,False,214.19,771.0840000000001,34.53,-20.48,6565,False,0,India,26225.0008392,27750.000888000002,"5,000-10,000 m",POINT(75.6605 27.7156)
2026-05-25 13:22:38.646455+00:00,2026-05-25 13:22:22+00:00,80159c,AIC4GA,India,2026-05-25 13:22:21+00:00,2026-05-25 13:22:21+00:00,73.7537,23.2105,11285.22,12024.36,False,232.9,838.44,20.16,0.0,0354,False,0,India,37025.0011848,39450.0012624,"10,000-12,000 m",POINT(73.7537 23.2105)
2026-05-25 13:22:38.646455+00:00,2026-05-25 13:22:22+00:00,80156a,IGO274P,India,2026-05-25 13:22:21+00:00,2026-05-25 13:22:21+00:00,82.4033,17.3586,10363.2,,False,247.3,890.2800000000001,231.84,0.0,,False,0,India,34000.001088000005,,"10,000-12,000 m",POINT(82.4033 17.3586)
2026-05-25 13:22:38.646455+00:00,2026-05-25 13:22:22+00:00,801587,AKJ1428,India,2026-05-25 13:20:16+00:00,2026-05-25 13:20:43+00:00,72.8531,19.0916,,,True,0.0,0.0,357.19,,,False,0,India,,,,POINT(72.8531 19.0916)
2026-05-25 13:22:38.646455+00:00,2026-05-25 13:22:22+00:00,801597,AIC2148,India,2026-05-25 13:22:21+00:00,2026-05-25 13:22:21+00:00,80.8272,26.81,10363.2,10957.56,False,222.93,802.548,312.01,0.0,,False,0,India,34000.001088000005,35950.0011504,"10,000-12,000 m",POINT(80.8272 26.81)
2026-05-25 13:22:38.646455+00:00,2026-05-25 13:22:22+00:00,801595,AXB1082,India,2026-05-25 13:22:21+00:00,2026-05-25 13:22:21+00:00,84.7916,26.5479,10965.18,11628.12,False,218.57,786.852,285.7,0.33,,False,0,India,35975.0011512,38150.001220800004,"10,000-12,000 m",POINT(84.7916 26.5479)
2026-05-25 13:22:38.646455+00:00,2026-05-25 13:22:22+00:00,801591,AXB1618,India,2026-05-25 13:19:36+00:00,2026-05-25 13:19:45+00:00,80.9611,26.7616,563.88,411.48,False,70.49,253.76399999999998,269.16,-3.25,,False,0,India,1850.0000592,1350.0000432000002,"0-5,000 m",POINT(80.9611 26.7616)
2026-05-25 13:22:38.646455+00:00,2026-05-25 13:22:22+00:00,885111,THA349,Thailand,2026-05-25 13:22:21+00:00,2026-05-25 13:22:21+00:00,96.3411,15.9319,11582.4,12359.64,False,259.61,934.5960000000001,312.51,0.0,6103,False,0,India,38000.001216,40550.0012976,"10,000-12,000 m",POINT(96.3411 15.9319)
2026-05-25 13:22:38.646455+00:00,2026-05-25 13:22:22+00:00,800ce4,AXB1050,India,2026-05-25 13:22:21+00:00,2026-05-25 13:22:21+00:00,78.7161,27.7626,9448.8,9966.96,False,260.76,938.736,118.13,5.2,,False,0,India,31000.000991999997,32700.001046399997,"5,000-10,000 m",POINT(78.7161 27.7626)
2026-05-25 13:22:38.646455+00:00,2026-05-25 13:22:22+00:00,8013a3,AIC2DW,India,2026-05-25 13:22:21+00:00,2026-05-25 13:22:21+00:00,76.1135,27.0009,9883.14,10454.64,False,243.58,876.888,204.45,9.1,,False,0,India,32425.0010376,34300.0010976,"5,000-10,000 m",POINT(76.1135 27.0009)
2026-05-25 13:22:38.646455+00:00,2026-05-25 13:22:22+00:00,8013a4,AIC4SC,India,2026-05-25 13:22:02+00:00,2026-05-25 13:22:11+00:00,77.1064,28.5419,373.38,228.6,False,74.37,267.732,284.42,-0.98,,False,0,India,1225.0000392,750.0000239999999,"0-5,000 m",POINT(77.1064 28.5419)
2026-05-25 13:22:38.646455+00:00,2026-05-25 13:22:22+00:00,800cb9,AIC8PA,India,2026-05-25 13:22:19+00:00,2026-05-25 13:22:21+00:00,78.0713,13.4453,3855.72,4000.5,False,133.84,481.824,88.02,-2.93,,False,0,India,12650.0004048,13125.00042,"0-5,000 m",POINT(78.0713 13.4453)
2026-05-25 13:22:38.646455+00:00,2026-05-25 13:22:22+00:00,800cc7,AIC4ZX,India,2026-05-25 13:22:21+00:00,2026-05-25 13:22:21+00:00,77.2402,25.4685,11582.4,12291.06,False,230.07,828.252,358.21,0.0,,False,0,India,38000.001216,40325.001290399996,"10,000-12,000 m",POINT(77.2402 25.4685)
2026-05-25 13:22:38.646455+00:00,2026-05-25 13:22:22+00:00,06a0fe,,Qatar,2026-05-25 13:19:33+00:00,2026-05-25 13:22:21+00:00,93.4147,16.3967,10972.8,11689.08,False,266.62,959.832,290.32,0.0,,False,0,India,36000.001152,38350.0012272,"10,000-12,000 m",POINT(93.4147 16.3967)
2026-05-25 13:22:38.646455+00:00,2026-05-25 13:22:22+00:00,88516c,THA315,Thailand,2026-05-25 13:18:36+00:00,2026-05-25 13:18:39+00:00,93.6295,17.6792,10972.8,11711.94,False,257.58,927.288,308.84,0.0,6115,False,0,India,36000.001152,38425.0012296,"10,000-12,000 m",POINT(93.6295 17.6792)
2026-05-25 13:22:38.646455+00:00,2026-05-25 13:22:22+00:00,8013e4,IGO7163,India,2026-05-25 13:19:17+00:00,2026-05-25 13:19:22+00:00,78.0627,13.028,3055.62,3124.2,False,104.14,374.904,37.78,-0.65,,False,0,India,10025.0003208,10250.000328,"0-5,000 m",POINT(78.0627 13.028)
2026-05-25 13:22:38.646455+00:00,2026-05-25 13:22:22+00:00,8013e7,IGO616,India,2026-05-25 13:22:21+00:00,2026-05-25 13:22:21+00:00,84.152,18.3836,6774.18,,False,237.77,855.9720000000001,227.54,-17.23,,False,0,India,22225.000711200002,,"5,000-10,000 m",POINT(84.152 18.3836)
2026-05-25 13:22:38.646455+00:00,2026-05-25 13:22:22+00:00,8013f8,IGO143P,India,2026-05-25 13:19:23+00:00,2026-05-25 13:19:27+00:00,74.3341,19.3619,10668.0,11353.8,False,228.96,824.2560000000001,10.22,1.63,,False,0,India,35000.00112,37250.001191999996,"10,000-12,000 m",POINT(74.3341 19.3619)
2026-05-25 13:22:38.646455+00:00,2026-05-25 13:22:22+00:00,8013ea,AIC9XQ,India,2026-05-25 13:22:21+00:00,2026-05-25 13:22:22+00:00,76.982,28.3533,2506.98,2552.7,False,147.73,531.828,194.52,14.63,,False,0,India,8225.0002632,8375.000268,"0-5,000 m",POINT(76.982 28.3533)
